roi,pearson_r,indvdl_r,p_perm,q_fdr,significant,pnc
1,0.1503,0.0339,0.029,0.2285,0,0.1543
2,0.2446,0.061,0.003,0.1828,0,0.2527
3,0.1697,0.0548,0.024,0.2285,0,0.1826
4,0.1267,0.0878,0.0689,0.2403,0,0.1371
5,0.0031,0.0223,0.4725,0.6626,0,0.0034
6,0.1068,0.0295,0.048,0.2391,0,0.1322
7,0.1504,0.0343,0.019,0.2285,0,0.2333
8,0.0839,0.0261,0.1508,0.3681,0,0.0988
9,0.0031,-0.0031,0.4915,0.6676,0,0.0039
10,0.0281,0.0167,0.3357,0.5768,0,0.0288
11,0.2157,0.0534,0.009,0.1828,0,0.2271
12,0.1687,0.0532,0.034,0.2302,0,0.1762
13,0.0318,0.0165,0.3816,0.6031,0,0.034
14,0.1043,0.0455,0.1508,0.3681,0,0.1093
15,0.0519,-0.0054,0.2637,0.5027,0,0.0558
16,0.0124,0.0053,0.4386,0.6295,0,0.0139
17,0.0561,0.0064,0.2617,0.5027,0,0.0635
18,0.0106,0.0182,0.4336,0.6295,0,0.0114
19,0.0366,0.0237,0.3027,0.5595,0,0.0455
20,-0.0167,-0.0007,0.5854,0.7205,0,-0.0206
21,-0.038,-0.0205,0.6683,0.7863,0,-0.0414
22,0.0927,0.0297,0.1109,0.325,0,0.1148
23,0.0456,0.0241,0.2577,0.5027,0,0.0525
24,-0.0595,0.0096,0.8162,0.8993,0,-0.0928
25,0.1552,0.0414,0.036,0.2309,0,0.2038
26,0.0377,0.0101,0.3167,0.5682,0,0.0525
27,0.0685,0.0098,0.1189,0.3296,0,0.1064
28,0.192,0.0498,0.009,0.1828,0,0.2592
29,0.0852,0.0082,0.1289,0.3418,0,0.1319
30,0.201,0.058,0.008,0.1828,0,0.2881
31,0.0291,0.0031,0.3417,0.5789,0,0.0373
32,0.0213,0.0147,0.4156,0.6259,0,0.0232
33,-0.015,0.0037,0.5884,0.7205,0,-0.019
34,-0.0787,-0.0342,0.8551,0.9036,0,-0.0911
35,-0.1733,-0.0268,0.989,0.989,0,-0.2154
36,-0.0169,-0.0011,0.6024,0.7205,0,-0.0402
37,0.1002,0.0308,0.1119,0.325,0,0.1687
38,0.1431,0.043,0.0549,0.2403,0,0.1718
39,0.0415,0.0006,0.3117,0.5676,0,0.0553
40,0.0756,0.0226,0.1758,0.4017,0,0.0975
41,0.1847,0.0582,0.038,0.2316,0,0.2486
42,0.1269,0.0406,0.0689,0.2403,0,0.1749
43,0.0004,-0.011,0.4915,0.6676,0,0.0004
44,0.15,0.0331,0.03,0.2285,0,0.1809
45,0.0359,0.0096,0.3566,0.596,0,0.0411
46,0.0295,0.0223,0.3856,0.6031,0,0.0373
47,0.0385,0.0185,0.3277,0.5711,0,0.0433
48,0.191,0.0413,0.03,0.2285,0,0.2417
49,0.1387,0.0543,0.025,0.2285,0,0.1587
50,0.0758,0.0136,0.2018,0.4396,0,0.0897
51,0.1145,0.0204,0.0659,0.2403,0,0.1434
52,0.1039,0.0198,0.1259,0.3413,0,0.1324
53,0.1205,0.0283,0.0649,0.2403,0,0.168
54,0.0769,0.0264,0.1778,0.4017,0,0.0856
55,-0.0948,-0.0257,0.8372,0.9036,0,-0.1059
56,0.0495,0.0129,0.2527,0.5027,0,0.0569
57,0.0212,0.0124,0.4266,0.627,0,0.022
58,0.1487,0.0582,0.048,0.2391,0,0.1526
59,0.2637,0.0785,0.006,0.1828,0,0.2724
60,0.1808,0.0615,0.017,0.2285,0,0.1921
61,0.1388,0.0366,0.043,0.2391,0,0.1472
62,-0.0097,0.0069,0.5724,0.7205,0,-0.0104
63,0.0863,0.0317,0.1049,0.3199,0,0.1051
64,0.1083,0.0158,0.0669,0.2403,0,0.1662
65,0.12,0.046,0.0849,0.28,0,0.1472
66,0.09,0.0321,0.0569,0.2403,0,0.1413
67,0.0374,0.0228,0.2887,0.5419,0,0.0385
68,0.1994,0.0658,0.027,0.2285,0,0.2143
69,0.1568,0.0556,0.05,0.2391,0,0.1623
70,0.0649,0.0227,0.2358,0.4959,0,0.069
71,0.1591,0.0628,0.046,0.2391,0,0.1674
72,-0.0107,-0.0092,0.5215,0.6991,0,-0.0116
73,-0.0156,0.0169,0.5714,0.7205,0,-0.0172
74,0.0677,0.025,0.2448,0.5027,0,0.0745
75,-0.0294,0.0161,0.6773,0.787,0,-0.032
76,-0.1051,-0.0215,0.8901,0.9125,0,-0.1281
77,0.0501,-0.0024,0.2607,0.5027,0,0.0625
78,-0.0141,0.0134,0.5984,0.7205,0,-0.0177
79,-0.0317,0.0073,0.6703,0.7863,0,-0.0353
80,0.0632,0.0116,0.1688,0.3961,0,0.0784
81,0.1025,0.0403,0.1319,0.3423,0,0.1156
82,-0.1219,-0.0095,0.8811,0.911,0,-0.1495
83,0.1155,0.0225,0.0889,0.2855,0,0.1469
84,0.0908,0.0336,0.1489,0.3681,0,0.1255
85,-0.1006,-0.0254,0.9031,0.9181,0,-0.1242
86,0.1052,0.017,0.1039,0.3199,0,0.1458
87,-0.0664,-0.004,0.8591,0.9036,0,-0.1582
88,0.2028,0.0345,0.002,0.1828,0,0.3224
89,0.1279,0.0525,0.0509,0.2391,0,0.1999
90,-0.0786,-0.0238,0.9121,0.9196,0,-0.1294
91,-0.0213,-0.0008,0.5994,0.7205,0,-0.0241
92,-0.0127,0.0175,0.5974,0.7205,0,-0.017
93,0.0852,-0.0086,0.1548,0.3704,0,0.0977
94,-0.0072,-0.0029,0.5345,0.7087,0,-0.016
95,0.0845,0.0153,0.1189,0.3296,0,0.1307
96,0.1551,0.0245,0.02,0.2285,0,0.1885
97,0.0292,0.0257,0.3846,0.6031,0,0.0348
98,0.0318,0.0044,0.3716,0.6031,0,0.0423
99,-0.0072,-0.0108,0.5654,0.7205,0,-0.0095
100,-0.035,-0.0165,0.6953,0.7928,0,-0.0381
101,0.1314,0.028,0.0589,0.2403,0,0.1586
102,0.0669,0.0191,0.2238,0.479,0,0.0821
103,-0.0014,-0.0008,0.4925,0.6676,0,-0.0015
104,0.0105,0.0197,0.4655,0.6604,0,0.0124
105,-0.0282,0.0011,0.6913,0.7928,0,-0.0314
106,0.053,0.0282,0.3247,0.5711,0,0.0681
107,0.0167,-0.0108,0.4226,0.627,0,0.0182
108,0.1394,0.0144,0.033,0.2302,0,0.1734
109,0.0268,0.0044,0.4016,0.6124,0,0.0317
110,-0.0756,-0.0192,0.7882,0.8822,0,-0.0926
111,0.1082,0.0404,0.0689,0.2403,0,0.1166
112,-0.0679,-0.0208,0.7762,0.8768,0,-0.0728
113,0.025,0.014,0.3936,0.6078,0,0.0297
114,0.0799,0.0111,0.1928,0.4277,0,0.0825
115,-0.0686,-0.0002,0.8761,0.911,0,-0.129
116,-0.0631,-0.0265,0.8452,0.9036,0,-0.0857
117,0.0284,0.0062,0.3776,0.6031,0,0.0465
118,-0.0997,-0.0133,0.8412,0.9036,0,-0.1239
119,0.1424,0.0471,0.012,0.2089,0,0.2327
120,-0.0581,-0.0001,0.8182,0.8993,0,-0.0793
121,0.1103,0.0268,0.0829,0.28,0,0.1716
122,-0.0163,-0.0043,0.5435,0.7129,0,-0.0192
